{"actions":[],"apps":[{"acl":{"app":[],"field":[],"record":[]},"app":null,"category":{"categories":[],"useCategory":"false"},"form":{"layout":"[{\"id\":null,\"type\":\"ROW\",\"isSubTable\":false,\"var\":null,\"controlList\":[{\"isVirtical\":true,\"type\":\"SINGLE_LINE_TEXT\",\"styleMap\":{\"width\":193},\"label\":\"ID\",\"var\":\"ID\"}]},{\"id\":null,\"type\":\"ROW\",\"isSubTable\":false,\"var\":null,\"controlList\":[{\"isVirtical\":true,\"type\":\"DATETIME\",\"styleMap\":{\"width\":196},\"label\":\"Created_At\",\"var\":\"Created_At\"}]},{\"id\":null,\"type\":\"ROW\",\"isSubTable\":false,\"var\":null,\"controlList\":[{\"isVirtical\":true,\"type\":\"MULTIPLE_LINE_TEXT\",\"styleMap\":{\"width\":316,\"height\":162,\"innerHeight\":125},\"label\":\"text\",\"var\":\"Comment\"}]},{\"id\":null,\"type\":\"ROW\",\"isSubTable\":false,\"var\":null,\"controlList\":[{\"isVirtical\":true,\"type\":\"SINGLE_LINE_TEXT\",\"styleMap\":{\"width\":193},\"label\":\"From_User_Id\",\"var\":\"From_User_Id\"}]},{\"id\":null,\"type\":\"ROW\",\"isSubTable\":false,\"var\":null,\"controlList\":[{\"isVirtical\":true,\"type\":\"SINGLE_LINE_TEXT\",\"styleMap\":{\"width\":216},\"label\":\"From_User_Screen_Name\",\"var\":\"From_User_Screen_Name\"}]},{\"id\":null,\"type\":\"ROW\",\"isSubTable\":false,\"var\":null,\"controlList\":[{\"isVirtical\":true,\"type\":\"SINGLE_LINE_TEXT\",\"styleMap\":{\"width\":193},\"label\":\"From_User_Name\",\"var\":\"From_User_Name\"}]}]","revision":null},"iconMeta":{"internalName":null,"mime":"image/png","name":"twitter.png"},"info":{"code":null,"decimalPrecision":"16","decimalScale":"4","description":"\u003Cdiv\u003E\u003Cbr /\u003E\u003C/div\u003E","enableBulkDeletion":"true","fiscalYearStartMonth":"4","iconKey":"517","iconType":"BLOB","jsFiles":null,"jsScope":"ALL","name":"Twitter2Kintone","roundingMode":"HALF_EVEN","theme":"PLAIN","titleComponentLocalId":null,"useComment":"true","useHistory":"true","useThumbnail":"true"},"jsFiles":[{"jsFileMetas":[{"internalName":null,"locationType":"URL","mime":null,"name":null,"url":"https://js.cybozu.com/sweetalert/v1.1.3/sweetalert.min.js"},{"internalName":null,"locationType":"BLOB","mime":"text/plain","name":"random_lottery.js","url":null}],"jsType":"DESKTOP"},{"jsFileMetas":[{"internalName":null,"locationType":"URL","mime":null,"name":null,"url":"https://js.cybozu.com/sweetalert/v1.1.3/sweetalert.css"}],"jsType":"DESKTOP_CSS"}],"notification":{"appNotifications":[{"events":["RECORD_COMMENT_ADDED"],"target":{"entityId":"5323865","entityType":"FIELD_ENTITY","includeSubs":"false"}},{"events":["RECORD_COMMENT_ADDED"],"target":{"entityId":"5323866","entityType":"FIELD_ENTITY","includeSubs":"false"}}],"recordNotifications":[],"reminderTimezone":null,"reminders":[],"useComment":"true","useReminder":"false"},"plugin":{"pluginIds":[]},"reports":[{"advancedMode":"false","filter":{"category":null,"offset":null,"order":[],"q":null,"size":null,"sort":[]},"isAborted":null,"name":"グラフ1","processType":null,"report":"5356802","reportType":"SUBTOTAL","revision":null,"settings":"{\"groups\":[{\"id\":\"5323898\",\"op\":null}],\"summaries\":[{\"op\":\"COUNT\",\"id\":null}],\"chartType\":\"pie\",\"sort\":[\"s0\"],\"order\":[\"DESC\"]}","tallyPeriod":null,"tallyStartDateTime":null}],"resource":{"tables":[{"rows":[{"fields":[],"objectId":"0","subObjectId":"-1"}],"type":"AppName"},{"rows":[{"fields":[],"objectId":"0","subObjectId":"-1"}],"type":"AppDescription"},{"rows":[{"fields":[],"objectId":"5323864","subObjectId":"-1"},{"fields":[],"objectId":"5323865","subObjectId":"-1"},{"fields":[],"objectId":"5323866","subObjectId":"-1"},{"fields":[],"objectId":"5323867","subObjectId":"-1"},{"fields":[],"objectId":"5323868","subObjectId":"-1"},{"fields":[],"objectId":"5323869","subObjectId":"-1"},{"fields":[],"objectId":"5323870","subObjectId":"-1"},{"fields":[],"objectId":"5323871","subObjectId":"-1"},{"fields":[],"objectId":"5323872","subObjectId":"-1"},{"fields":[],"objectId":"5323874","subObjectId":"-1"},{"fields":[],"objectId":"5323875","subObjectId":"-1"},{"fields":[],"objectId":"5323897","subObjectId":"-1"},{"fields":[],"objectId":"5323898","subObjectId":"-1"},{"fields":[],"objectId":"5323899","subObjectId":"-1"}],"type":"FieldLabel"},{"rows":[{"fields":[],"objectId":"5324928","subObjectId":"-1"},{"fields":[],"objectId":"20","subObjectId":"-1"}],"type":"ViewName"},{"rows":[{"fields":[],"objectId":"5356802","subObjectId":"-1"}],"type":"ReportName"}]},"schema":{"groups":[],"revision":null,"subTable":{},"table":{"fieldList":{"5323864":{"id":"5323864","label":"レコード番号","properties":{"noLabel":"false","required":"true"},"type":"RECORD_ID","var":"レコード番号"},"5323865":{"id":"5323865","label":"更新者","properties":{"noLabel":"false","required":"true"},"type":"MODIFIER","var":"更新者"},"5323866":{"id":"5323866","label":"作成者","properties":{"noLabel":"false","required":"true"},"type":"CREATOR","var":"作成者"},"5323867":{"id":"5323867","label":"更新日時","properties":{"noLabel":"false","required":"true"},"type":"MODIFIED_AT","var":"更新日時"},"5323868":{"id":"5323868","label":"作成日時","properties":{"noLabel":"false","required":"true"},"type":"CREATED_AT","var":"作成日時"},"5323869":{"id":"5323869","label":"ステータス","properties":{"noLabel":"false","required":"false"},"type":"STATUS","var":"ステータス"},"5323870":{"id":"5323870","label":"作業者","properties":{"noLabel":"false","required":"false"},"type":"STATUS_ASSIGNEE","var":"作業者"},"5323871":{"id":"5323871","label":"カテゴリー","properties":{"noLabel":"false","required":"false"},"type":"CATEGORY","var":"カテゴリー"},"5323872":{"id":"5323872","label":"ID","properties":{"defaultValue":"","expression":"","hideExpression":"false","max":null,"min":null,"noLabel":"false","required":"false","unique":"false"},"type":"SINGLE_LINE_TEXT","var":"ID"},"5323874":{"id":"5323874","label":"Created_At","properties":{"defaultExpression":null,"defaultValue":null,"noLabel":"false","required":"false","unique":"false"},"type":"DATETIME","var":"Created_At"},"5323875":{"id":"5323875","label":"text","properties":{"defaultValue":"","noLabel":"false","required":"false"},"type":"MULTIPLE_LINE_TEXT","var":"Comment"},"5323897":{"id":"5323897","label":"From_User_Id","properties":{"defaultValue":"","expression":"","hideExpression":"false","max":null,"min":null,"noLabel":"false","required":"false","unique":"false"},"type":"SINGLE_LINE_TEXT","var":"From_User_Id"},"5323898":{"id":"5323898","label":"From_User_Screen_Name","properties":{"defaultValue":"","expression":"","hideExpression":"false","max":null,"min":null,"noLabel":"false","required":"false","unique":"false"},"type":"SINGLE_LINE_TEXT","var":"From_User_Screen_Name"},"5323899":{"id":"5323899","label":"From_User_Name","properties":{"defaultValue":"","expression":"","hideExpression":"false","max":null,"min":null,"noLabel":"false","required":"false","unique":"false"},"type":"SINGLE_LINE_TEXT","var":"From_User_Name"}},"id":"1","label":"__ROOT__","var":"__ROOT__"}},"status":{"actions":[],"filters":[],"initialStateId":null,"states":[],"useStatus":"false"},"uuid":"1887d9e9-f868-4a7c-bf04-49db49b4d6ff","views":[{"advancedMode":"false","builtinType":null,"fields":[{"row":[{"id":"5323864"},{"id":"5323899"},{"id":"5323875"}]}],"filter":{"category":null,"offset":null,"order":["DESC"],"q":null,"size":null,"sort":["f5323864"]},"html":null,"keyFieldId":null,"name":"一覧","pager":null,"revision":null,"titleFieldId":null,"view":"5324928","viewType":"LIST"},{"advancedMode":null,"builtinType":"ALL","fields":[{"row":[{"id":"5323864"},{"id":"5323872"},{"id":"5323874"},{"id":"5323875"},{"id":"5323897"},{"id":"5323898"},{"id":"5323899"}]}],"filter":{"category":null,"offset":null,"order":[],"q":null,"size":null,"sort":[]},"html":null,"keyFieldId":null,"name":"（すべて）","pager":null,"revision":null,"titleFieldId":null,"view":"20","viewType":"LIST"}]}],"description":"","iconKey":"20171207095035DC04375F7DFC4110A0B0BAA208BF3762217","iconMeta":{"internalName":null,"mime":"image/png","name":"twitter.png"},"iconSrcAppId":"1887d9e9-f868-4a7c-bf04-49db49b4d6ff","iconType":"BLOB","imagesMeta":[],"lookups":[],"name":"Twitter2Kintone","references":[],"version":"20"}